1stFlrSF,2ndFlrSF,BedroomAbvGr,BsmtExposure,BsmtFinSF1,BsmtFinType1,BsmtUnfSF,GarageArea,GarageFinish,GarageYrBlt,GrLivArea,KitchenQual,LotArea,LotFrontage,MasVnrArea,OpenPorchSF,OverallCond,OverallQual,TotalBsmtSF,YearBuilt,YearRemodAdd,SalePrice
7.830028082931454,1e-06,4.000001,No,1219.000001,Rec,28.5657137316749,150.8901075992895,Unf,1975.000001,7.830028082931454,TA,180.7429113437094,69.000001,1e-06,1e-06,3.000001,6.000001,201.12277567293538,1957.000001,1975.000001,200624.000001
6.864847779014702,620.000001,3.000001,No,403.000001,BLQ,15.427248652951699,87.49749370294603,Unf,1941.000001,7.363913502039533,Fa,97.41663102879302,79.000001,1e-06,1e-06,7.000001,6.000001,110.71693417809047,1941.000001,1950.000001,133000.000001
6.886531643551961,224.000001,3.000001,No,185.000001,LwQ,22.891046306361794,117.8511060992038,Unf,1950.000001,7.092573716805934,Gd,83.75559683388329,69.000001,161.000001,1e-06,4.000001,5.000001,101.9046579775373,1950.000001,1950.000001,110000.000001
7.052721050097375,866.000001,4.000001,No,392.000001,BLQ,27.712812939144232,155.94193513513574,Fin,1977.000001,7.611842400074977,TA,100.02499688077975,83.000001,299.000001,117.000001,5.000001,7.000001,140.05615657288513,1977.000001,1977.000001,192000.000001
6.263398264496385,1e-06,3.000001,No,1e-06,Unf,22.91287849660099,94.23505330080792,Unf,1971.000001,6.995766157220602,TA,40.987803076037146,21.000001,381.000001,1e-06,5.000001,6.000001,83.87577855443021,1971.000001,1971.000001,88000.000001
6.929516771742123,1e-06,2.000001,No,247.000001,Unf,17.6068168900571,98.64868876467132,Unf,1956.000001,6.929516771742123,TA,84.85281374827827,60.000001,1e-06,30.000001,4.000001,5.000001,129.06765182722657,1910.000001,2006.000001,85000.000001
7.288927695204317,1e-06,3.000001,Gd,929.000001,GLQ,23.579652266307914,212.72270056391443,Unf,2007.000001,7.288927695204317,Gd,123.51518125720418,49.000001,84.000001,160.000001,5.000001,8.000001,164.21821787948545,2007.000001,2007.000001,282922.000001
6.6592939209656885,595.000001,3.000001,No,1e-06,Unf,27.928480105440755,165.1985319660164,Unf,1979.000001,7.226209010827945,Gd,94.86832981032184,50.000001,1e-06,162.000001,6.000001,6.000001,108.39437332081846,1937.000001,1950.000001,141000.000001
7.787796878595937,2065.000001,4.000001,Av,2096.000001,GLQ,17.320508104556286,225.49545611281957,Fin,1996.000001,8.40648506965523,Ex,124.99199974798387,160.000001,1e-06,78.000001,5.000001,10.000001,223.37852905736636,1996.000001,1996.000001,745000.000001
6.311734810967796,551.000001,2.000001,No,239.000001,GLQ,17.66352176096262,149.92221283727966,Unf,2004.000001,7.004881990620301,Gd,71.44928271858298,69.000001,1e-06,60.000001,5.000001,7.000001,86.54777855056119,2004.000001,2004.000001,148800.000001
7.2093402573425545,1e-06,2.000001,No,1e-06,Unf,36.76955263529868,146.51988750922152,Unf,2006.000001,7.2093402573425545,Gd,65.03845017372416,47.000001,1e-06,241.000001,5.000001,7.000001,154.5879417353648,2006.000001,2007.000001,208900.000001
7.426549072992543,1e-06,4.000001,No,1e-06,Unf,40.987803076037146,161.41998768031166,Unf,1976.000001,7.426549072992543,TA,107.2380529522986,69.000001,164.000001,1e-06,6.000001,5.000001,177.79202918970455,1976.000001,1976.000001,136905.000001
6.912742821488201,978.000001,3.000001,No,694.000001,GLQ,16.852299576022258,152.33852219999335,Fin,1999.000001,7.592366129024082,Gd,103.74005976959913,69.000001,344.000001,1e-06,5.000001,7.000001,125.4530793432792,1999.000001,1999.000001,225000.000001
6.802394764435422,1e-06,3.000001,Av,769.000001,ALQ,9.746794396107882,100.83374951438928,RFn,1967.000001,6.802394764435422,TA,88.5324799212131,68.000001,1e-06,144.000001,5.000001,5.000001,115.80270768866573,1967.000001,1967.000001,123000.000001
6.986566460330641,1e-06,2.000001,No,336.000001,BLQ,27.31300058580163,87.49749370294603,Unf,1948.000001,6.986566460330641,TA,108.00000000462963,60.000001,206.000001,130.000001,5.000001,6.000001,133.90726618809282,1948.000001,1950.000001,119200.000001
7.180831199805591,1e-06,3.000001,No,922.000001,Rec,19.798989898477146,102.46343349288705,RFn,1957.000001,7.180831199805591,TA,91.65151390457225,70.000001,1e-06,1e-06,6.000001,5.000001,151.7743600702287,1957.000001,1957.000001,145000.000001
6.96696713955649,862.000001,3.000001,No,674.000001,GLQ,8.717797944435281,169.88611600647954,RFn,1992.000001,7.5616417461088,Gd,100.92571526127522,107.000001,1e-06,39.000001,5.000001,7.000001,105.67943814147145,1992.000001,1992.000001,190000.000001
6.897704944138737,1e-06,3.000001,No,588.000001,Unf,20.049937680701156,9.999998851781368e-07,Unf,1979.000001,6.897704944138737,TA,89.8331787314687,60.000001,1e-06,1e-06,5.000001,4.000001,126.44459845429009,1994.000001,1995.000001,123600.000001
7.11314210952142,1e-06,3.000001,No,1e-06,Unf,35.04283095013872,96.17333888956992,Unf,1966.000001,7.11314210952142,Gd,92.43376007174002,69.000001,1e-06,65.000001,6.000001,5.000001,145.29570497241144,1966.000001,2006.000001,149350.000001
6.8200163657658335,1e-06,4.000001,No,299.000001,ALQ,24.718414208844386,65.02046401348487,Unf,1915.000001,7.509883061702559,Ex,50.00000001,50.000001,1e-06,1e-06,8.000001,7.000001,119.7489843894539,1915.000001,2005.000001,155000.000001
6.813444600609797,1e-06,4.000001,No,507.000001,Rec,20.074859924791504,205.25844979051882,Unf,2000.000001,7.233455419343461,TA,92.3038460791315,71.000001,1e-06,1e-06,4.000001,5.000001,119.7489843894539,1952.000001,1952.000001,166000.000001
6.742880636971148,1e-06,1.000001,Gd,662.000001,GLQ,13.638181733647635,135.17041656863177,Fin,2004.000001,6.742880636971148,Gd,66.61831580729132,69.000001,169.000001,1e-06,5.000001,6.000001,114.41239824133706,2004.000001,2004.000001,144500.000001
6.704414356189597,1e-06,2.000001,Gd,104.000001,LwQ,0.001,158.56885102566667,Unf,1963.000001,6.704414356189597,TA,92.04346799746303,110.000001,1e-06,1e-06,5.000001,5.000001,111.60299534042507,1963.000001,1963.000001,110000.000001
6.553933405450312,779.000001,3.000001,No,1e-06,Unf,26.495282617854823,115.50386279878605,Fin,1994.000001,7.300472814943018,TA,90.13878189214674,65.000001,1e-06,36.000001,5.000001,6.000001,101.2523886581543,1994.000001,1995.000001,174000.000001
6.849066283693903,933.000001,4.000001,No,442.000001,ALQ,21.424285308966553,164.25631195023325,RFn,1974.000001,7.536897130099219,Gd,95.49869109574225,76.000001,270.000001,69.000001,6.000001,6.000001,118.98266514602022,1974.000001,1974.000001,185000.000001
6.8200163657658335,826.000001,4.000001,No,216.000001,BLQ,26.45751312954413,136.16824233579413,Unf,1925.000001,7.462789157986501,Gd,132.93231360733927,121.000001,1e-06,169.000001,9.000001,8.000001,120.25834280886218,1882.000001,1986.000001,168000.000001
6.645090970806034,804.000001,3.000001,No,378.000001,GLQ,19.442222120940805,140.13825014044733,Unf,2000.000001,7.3607399036940055,Gd,46.01086829217636,69.000001,216.000001,32.000001,5.000001,6.000001,106.22551910446833,2000.000001,2000.000001,177500.000001
6.44571982097288,1e-06,1.000001,Av,131.000001,BLQ,0.001,9.999998851781368e-07,Unf,1979.000001,6.44571982097288,TA,44.00000001136364,21.000001,1e-06,1e-06,6.000001,4.000001,94.40060934026103,1970.000001,1970.000001,84500.000001
7.437206367460221,1e-06,3.000001,No,1234.000001,GLQ,21.540659251749933,215.77365070108647,Unf,2007.000001,7.437206367460221,Ex,115.2649122716883,86.000001,340.000001,64.000001,5.000001,9.000001,179.01545915615822,2007.000001,2008.000001,320000.000001
6.723832442023132,384.000001,2.000001,No,442.000001,Rec,19.748417683449983,113.6684741061657,Unf,1947.000001,7.103322063348481,TA,92.08691547120036,80.000001,1e-06,1e-06,5.000001,5.000001,113.01257735162473,1947.000001,1950.000001,118500.000001
7.482118924115179,1e-06,4.000001,No,1e-06,Unf,39.79949749682777,241.4297482256725,Unf,1968.000001,7.482118924115179,TA,107.12142643281035,85.000001,95.000001,25.000001,5.000001,5.000001,171.18512605267773,1958.000001,1958.000001,110000.000001
6.913737351653721,769.000001,3.000001,No,513.000001,ALQ,15.066519206505529,136.4173612515581,Unf,1993.000001,7.481555702472897,Gd,96.52460826649337,75.000001,137.000001,72.000001,5.000001,7.000001,104.76578227640914,1993.000001,1993.000001,213000.000001
6.815639991170823,1e-06,2.000001,Av,773.000001,GLQ,10.723805341388848,147.4943410265169,RFn,1978.000001,6.815639991170823,TA,86.83317339012781,69.000001,1e-06,1e-06,6.000001,6.000001,117.87085748502581,1978.000001,1978.000001,156000.000001
7.043159916861702,1e-06,4.000001,Av,655.000001,GLQ,22.135943643766353,230.4164836901272,RFn,2000.000001,7.695303135418525,Gd,119.41524191241251,84.000001,350.000001,84.000001,5.000001,8.000001,138.88557457445353,2000.000001,2000.000001,250000.000001
7.623641947000331,1e-06,3.000001,Mn,1e-06,Unf,45.23273152264851,229.98981212042352,Fin,2008.000001,7.623641947000331,Gd,108.83014288789664,80.000001,464.000001,82.000001,5.000001,8.000001,201.82102769926922,2008.000001,2008.000001,372500.000001
6.5916737333804,717.000001,3.000001,Gd,604.000001,GLQ,11.180339932220308,131.66069546054686,Unf,1996.000001,7.276556403410273,TA,147.89185238207006,57.000001,1e-06,22.000001,5.000001,7.000001,103.7555930713224,1996.000001,1997.000001,175000.000001
7.353081921156047,1e-06,2.000001,No,1153.000001,GLQ,20.199009901477844,168.0157299253233,Fin,2005.000001,7.353081921156047,Ex,85.51608036504012,60.000001,246.000001,47.000001,5.000001,9.000001,169.5809321213527,2005.000001,2005.000001,277500.000001
6.782192057140578,1e-06,2.883273058823529,No,138.000001,LwQ,16.613247755932612,145.29912067624144,Unf,1980.000001,6.782192057140578,TA,87.74964387961926,70.000001,1e-06,1e-06,5.000001,5.000001,117.35573361127521,1972.000001,1972.000001,112500.000001
6.815639991170823,1182.000001,4.000001,No,1e-06,Unf,30.199337757639654,181.67135363937703,Fin,2003.000001,7.646831391908037,Gd,96.8245836603494,75.000001,1e-06,182.000001,5.000001,7.000001,119.91890499559776,2003.000001,2004.000001,263000.000001
7.313220387756968,1e-06,3.000001,Av,1032.000001,GLQ,20.760539516110846,203.49051755064355,RFn,1994.000001,7.871692664705034,Gd,110.70682002930081,98.000001,362.000001,32.000001,5.000001,8.000001,162.64746494267288,1994.000001,1995.000001,325000.000001
7.676937146281472,1e-06,4.000001,Av,477.000001,ALQ,26.925824054242053,172.6803448211727,Unf,1950.000001,7.676937146281472,Gd,112.31651704446679,84.000001,1e-06,29.000001,7.000001,6.000001,143.30504722523185,1950.000001,2001.000001,243000.000001
7.215239979465392,1e-06,2.883273058823529,No,384.000001,ALQ,0.001,171.75043117981295,Unf,1962.000001,7.215239979465392,TA,84.46300966103446,60.000001,1e-06,50.000001,5.000001,5.000001,68.44573236081418,1955.000001,1955.000001,130000.000001
7.177782416958556,1e-06,3.000001,Av,24.000001,GLQ,35.860842168025,130.14807763063857,Fin,2005.000001,7.177782416958556,Gd,93.63225940347697,65.000001,1e-06,1e-06,5.000001,7.000001,151.4764935861729,2005.000001,2005.000001,164990.000001
7.515344571725098,1e-06,3.000001,Mn,1039.000001,GLQ,28.231188444697118,235.94216444970832,Fin,2004.000001,7.515344571725098,Gd,106.59268268037914,107.000001,42.000001,185.000001,5.000001,8.000001,188.24436662425023,2004.000001,2005.000001,280000.000001
7.306531399610646,1304.000001,4.000001,No,689.000001,Unf,27.802877566899436,224.85124514991992,Fin,1995.000001,7.9352295401748165,Ex,123.0365799305231,174.000001,506.000001,146.000001,5.000001,8.000001,162.57586495925074,1995.000001,1996.000001,403000.000001
7.454719949942705,1e-06,6.000001,No,40.000001,GLQ,37.73592454147639,117.8511060992038,Unf,2002.000001,7.454719949942705,TA,103.07278981865194,69.000001,84.000001,1e-06,4.000001,5.000001,181.0441420778988,1964.000001,1964.000001,119000.000001
6.715383387546802,1e-06,2.000001,No,180.000001,LwQ,0.001,205.25844979051882,RFn,1963.000001,6.715383387546802,TA,90.74690077903487,49.000001,1e-06,50.000001,7.000001,5.000001,112.39710142629364,1955.000001,1995.000001,125000.000001
6.795705776292082,1e-06,3.000001,Av,182.000001,LwQ,0.001,106.23682028280652,Unf,1976.000001,6.795705776292082,TA,103.19883720759648,75.000001,1e-06,1e-06,6.000001,5.000001,118.38472519603036,1976.000001,1976.000001,128200.000001
6.822197391709815,765.000001,3.000001,No,226.000001,LwQ,13.85640649663541,140.13825014044733,RFn,1978.000001,7.428333194784983,TA,105.75443253594622,70.000001,92.000001,1e-06,5.000001,6.000001,120.42786081487993,1978.000001,1978.000001,172500.000001
6.83518458722257,1e-06,2.000001,None,1e-06,Unf,0.001,106.23682028280652,Unf,1946.000001,6.83518458722257,Gd,105.35653753327318,60.000001,1e-06,1e-06,7.000001,4.000001,9.999998191439196e-07,1946.000001,2006.000001,84900.000001
7.360103973625284,1096.000001,3.000001,Av,1016.000001,GLQ,23.579652266307914,206.58144362569357,Fin,2003.000001,7.889084407410327,Ex,116.99572642195099,110.000001,664.000001,1e-06,5.000001,9.000001,170.3492137894143,2003.000001,2004.000001,412500.000001
6.978213743562665,1e-06,3.000001,No,836.000001,ALQ,15.394804350819143,158.3305745577164,RFn,1965.000001,6.978213743562665,TA,101.43470806878679,79.000001,168.000001,1e-06,7.000001,5.000001,133.1876276047748,1965.000001,1965.000001,156000.000001
7.195937227225194,1e-06,2.000001,No,686.000001,ALQ,25.768197472854013,185.09431431230624,RFn,1977.000001,7.195937227225194,TA,98.23441352703237,80.000001,360.000001,16.000001,5.000001,6.000001,154.44057719238197,1977.000001,1977.000001,167900.000001
6.669498091126915,1e-06,2.000001,No,266.000001,Rec,22.84731933947613,9.999998851781368e-07,Unf,1979.000001,6.669498091126915,TA,86.2902080250129,69.000001,1e-06,1e-06,5.000001,4.000001,109.1119463157989,1941.000001,1950.000001,100000.000001
7.4048875762243975,1e-06,2.000001,Gd,1518.000001,GLQ,0.001,171.0520177478328,Fin,1989.000001,7.4048875762243975,Gd,113.13708499426703,69.000001,145.000001,1e-06,5.000001,7.000001,166.55866760008817,1989.000001,1989.000001,275000.000001
6.770789425055769,1e-06,3.000001,No,1e-06,Unf,29.29163704882334,149.92221283727966,Unf,1974.000001,6.770789425055769,TA,91.07140056570998,70.000001,1e-06,1e-06,5.000001,4.000001,115.28244088004587,1971.000001,1971.000001,123000.000001
6.643789734449755,664.000001,2.000001,No,1e-06,Unf,16.248076840044792,119.92602863858076,Unf,1910.000001,7.266827348218915,TA,97.97958971643023,60.000001,1e-06,1e-06,7.000001,5.000001,53.59551633550808,1910.000001,2002.000001,132000.000001
6.803505258718216,900.000001,3.000001,No,1e-06,Unf,29.883105611699733,222.69990793165624,Unf,2005.000001,7.4960973457312035,Gd,102.28880682166549,72.000001,1e-06,116.000001,5.000001,8.000001,118.2991673227224,2005.000001,2005.000001,239900.000001
7.021976423964221,1e-06,3.000001,No,651.000001,Rec,21.67948341174208,149.92221283727966,Unf,1963.000001,7.021976423964221,TA,93.8935567597692,80.000001,1e-06,80.000001,6.000001,5.000001,137.0010451713237,1963.000001,1963.000001,139000.000001
6.670766322113302,1e-06,2.000001,No,104.000001,ALQ,22.715633405212365,90.32270917846229,Unf,1948.000001,6.670766322113302,TA,77.45966693060332,50.000001,1e-06,1e-06,5.000001,5.000001,109.20145746779747,1948.000001,1950.000001,115000.000001
6.960347730050074,1e-06,3.000001,Gd,763.000001,GLQ,13.152946475980201,149.92221283727966,RFn,1963.000001,6.960347730050074,Gd,93.8083152017986,80.000001,156.000001,1e-06,7.000001,6.000001,121.94756656420556,1963.000001,1963.000001,137500.000001
6.954638865835186,1e-06,3.000001,No,586.000001,BLQ,21.49418528346678,100.28880082365856,Unf,1956.000001,6.954638865835186,TA,100.75713374744242,72.000001,120.000001,20.000001,5.000001,5.000001,131.1770890467972,1956.000001,1956.000001,135000.000001
7.119635638826698,1e-06,2.000001,No,360.000001,BLQ,26.64582520771312,141.8646841434416,Unf,1957.000001,7.119635638826698,Gd,100.05498488831029,72.000001,64.000001,1e-06,6.000001,5.000001,132.94726378089655,1957.000001,1996.000001,134450.000001
7.049254842123892,1e-06,3.000001,Av,1014.000001,GLQ,11.747340167033556,150.8901075992895,RFn,1964.000001,7.049254842123892,TA,118.79393924354895,69.000001,86.000001,1e-06,7.000001,5.000001,139.43253158430645,1964.000001,1964.000001,180500.000001
7.4259536576731335,1e-06,3.000001,No,1138.000001,GLQ,16.431676755584014,172.4480055559739,RFn,1994.000001,7.4259536576731335,Gd,90.13878189214674,65.000001,258.000001,42.000001,5.000001,6.000001,158.6827296246072,1994.000001,1998.000001,193500.000001
7.298445102184737,1e-06,3.000001,No,189.000001,ALQ,25.059928192235507,140.6321548606965,RFn,1957.000001,7.298445102184737,TA,91.65151390457225,70.000001,1e-06,1e-06,3.000001,6.000001,163.71935104678258,1957.000001,1957.000001,156500.000001
6.833031733863787,1e-06,2.000001,No,377.000001,Rec,23.47338920991172,90.88462413953131,Unf,1956.000001,6.833031733863787,TA,115.3256259510435,70.000001,1e-06,1e-06,7.000001,5.000001,121.27345763306953,1956.000001,2000.000001,132000.000001
6.740519360788256,846.000001,3.000001,Av,1e-06,Unf,29.08607916168833,189.6293689037491,RFn,2009.000001,7.433666540757185,Gd,114.71268456888279,83.000001,1e-06,114.000001,5.000001,7.000001,114.23794580016111,2009.000001,2009.000001,224500.000001
6.493753841364546,589.000001,3.000001,No,1e-06,Unf,25.70992028381263,167.07822686693174,Unf,1985.000001,7.130898831096347,TA,73.22567856291944,53.000001,1e-06,1e-06,6.000001,5.000001,97.38361080770534,1910.000001,2003.000001,139000.000001
6.741700695832692,886.000001,3.000001,Gd,1e-06,Unf,29.1032644388907,138.40551249094352,Fin,2003.000001,7.45760929029264,Gd,111.32834320603178,69.000001,1e-06,48.000001,5.000001,7.000001,114.32519062585877,2003.000001,2003.000001,225000.000001
6.573680168357294,716.000001,2.883273058823529,No,425.000001,Unf,17.0587221385425,138.15745671015958,Fin,2004.000001,7.266827348218915,Gd,88.28929720526719,71.000001,1e-06,51.000001,5.000001,7.000001,102.5546050328084,2004.000001,2005.000001,188500.000001
6.981934678084894,1e-06,2.000001,No,851.000001,GLQ,11.832159608456944,77.38632707972768,RFn,1939.000001,6.981934678084894,TA,86.13942187523666,50.000001,1e-06,4.000001,6.000001,5.000001,126.5270284332868,1939.000001,1950.000001,118000.000001
6.850126167204823,1e-06,2.000001,None,1e-06,Unf,0.001,161.41998768031166,Unf,1956.000001,6.850126167204823,Fa,101.0247494478457,74.000001,1e-06,1e-06,3.000001,3.000001,9.999998191439196e-07,1952.000001,1952.000001,82000.000001
7.257707677864764,1e-06,2.000001,Av,945.000001,Unf,21.771541080043,170.58593997055166,RFn,2007.000001,7.257707677864764,Gd,89.93886813274892,60.000001,1e-06,1e-06,6.000001,8.000001,159.48009316247308,2007.000001,2007.000001,392000.000001
6.866933285503548,1e-06,3.000001,No,1e-06,Unf,25.92296281291936,100.83374951438928,Unf,1956.000001,6.866933285503548,TA,94.47751055674573,69.000001,1e-06,1e-06,3.000001,4.000001,98.42988200567588,1956.000001,1956.000001,112000.000001
7.406103381844549,1e-06,3.000001,Av,1e-06,Unf,40.47221270205028,237.63464423911452,RFn,2007.000001,7.406103381844549,Gd,103.22790320935518,67.000001,274.000001,80.000001,5.000001,8.000001,174.9187718514924,2006.000001,2007.000001,248900.000001
6.906754779649554,1e-06,3.000001,Av,784.000001,BLQ,11.874342129145512,104.08552430833751,Unf,1962.000001,6.906754779649554,TA,101.01980004434775,69.000001,1e-06,72.000001,5.000001,5.000001,121.02012585786622,1962.000001,1962.000001,134500.000001
6.658011047154445,1e-06,2.000001,No,1e-06,Unf,27.23967696210805,106.23682028280652,Unf,1988.000001,6.840546530358206,TA,95.393920146936,50.000001,1e-06,1e-06,6.000001,5.000001,104.94886854255716,1930.000001,1960.000001,79500.000001
7.238496841612756,1070.000001,4.000001,Mn,57.000001,GLQ,36.53765182657474,172.6803448211727,RFn,2006.000001,7.808729307150573,Gd,139.20488497534848,134.000001,456.000001,132.000001,5.000001,7.000001,157.51889593695984,2005.000001,2006.000001,320000.000001
7.171656823536564,1e-06,3.000001,Gd,270.000001,LwQ,21.26029164898732,106.50482736957454,RFn,1964.000001,7.171656823536564,Gd,96.69539803423946,85.000001,108.000001,1e-06,7.000001,6.000001,150.8797723953394,1964.000001,1991.000001,158000.000001
6.841615477545968,1e-06,2.000001,Gd,936.000001,GLQ,0.001,194.5811506346669,Unf,1980.000001,6.841615477545968,TA,84.85281374827827,60.000001,180.000001,1e-06,5.000001,5.000001,121.94756656420556,1980.000001,1980.000001,140000.000001
6.761572769961463,1e-06,3.000001,No,646.000001,ALQ,14.764823094097673,113.6684741061657,Unf,1978.000001,6.761572769961463,TA,83.6660026593837,69.000001,90.000001,1e-06,8.000001,5.000001,115.80270768866573,1978.000001,2005.000001,136500.000001
6.709304341477811,527.000001,3.000001,Gd,969.000001,GLQ,12.165525101696186,9.999998851781368e-07,Unf,1979.000001,7.205635177152755,TA,83.6660026593837,70.000001,1e-06,1e-06,7.000001,5.000001,136.6855451073276,1910.000001,1991.000001,107500.000001
6.897704944138737,1e-06,3.000001,No,686.000001,GLQ,17.43559580283966,194.5811506346669,Unf,1996.000001,6.897704944138737,TA,96.15092303769111,57.000001,1e-06,1e-06,5.000001,5.000001,126.44459845429009,1994.000001,1995.000001,145000.000001
7.400009517773939,971.000001,3.000001,No,152.000001,Rec,31.256999232171985,9.999998851781368e-07,Unf,1979.000001,8.03463103324715,Ex,134.27583550661674,138.000001,1e-06,1e-06,6.000001,5.000001,172.15746903933092,1946.000001,1994.000001,200500.000001
7.198183577849886,1e-06,3.000001,Mn,699.000001,GLQ,25.258661900425366,162.13044131969366,RFn,2003.000001,7.198183577849886,Gd,91.92388155969046,65.000001,1e-06,39.000001,5.000001,7.000001,153.48077635764932,2003.000001,2003.000001,185000.000001
6.542471961947727,1e-06,3.000001,No,1e-06,Unf,25.92296281291936,251.4651217506895,Unf,1998.000001,7.101675972443167,TA,102.02940753037822,60.000001,1e-06,1e-06,4.000001,3.000001,98.42988200567588,1915.000001,1950.000001,105000.000001
7.22110509891349,1e-06,2.000001,No,1e-06,Unf,36.98648403133231,148.46689629510126,Unf,2005.000001,7.22110509891349,Gd,82.41359111821302,40.000001,94.000001,35.000001,5.000001,7.000001,155.7640352002197,2005.000001,2006.000001,202665.000001
7.100027167454343,1e-06,3.000001,Mn,36.000001,GLQ,34.29285641354479,145.0546041347699,RFn,2009.000001,7.100027167454343,Gd,102.07840124629696,83.000001,1e-06,22.000001,5.000001,6.000001,144.07250907972866,2009.000001,2009.000001,186000.000001
6.984716321044192,1e-06,3.000001,No,570.000001,BLQ,22.583179603412802,100.83374951438928,Unf,1958.000001,6.984716321044192,TA,97.28309206126211,75.000001,135.000001,1e-06,7.000001,6.000001,133.7475340479421,1958.000001,1958.000001,136000.000001
6.689599270422748,878.000001,3.000001,No,505.000001,GLQ,17.29161649470633,160.2338380279616,RFn,1998.000001,7.427738841127423,Gd,93.54143467469376,70.000001,116.000001,77.000001,5.000001,6.000001,110.53924638303565,1998.000001,1998.000001,200500.000001
6.67203294672689,784.000001,3.000001,Mn,712.000001,GLQ,9.165151444466153,170.3527598266886,Fin,1976.000001,7.361375429612672,TA,137.1130920116675,69.000001,120.000001,111.000001,5.000001,6.000001,109.82689205404624,1976.000001,1976.000001,190000.000001
6.538139825214848,807.000001,3.000001,No,592.000001,ALQ,9.94987442131809,132.41508183609494,Fin,1995.000001,7.311886164744721,TA,114.15340556023723,69.000001,1e-06,44.000001,5.000001,6.000001,100.22262595805316,1995.000001,1996.000001,187500.000001
6.824373671130043,941.000001,3.000001,No,700.000001,GLQ,14.69693849071976,152.82042223487454,RFn,2002.000001,7.528869257179596,Gd,115.97413505174333,95.000001,1e-06,91.000001,5.000001,7.000001,120.25834280886218,2002.000001,2002.000001,200000.000001
7.137278438055298,1e-06,2.000001,Av,1e-06,Unf,35.468295716033495,189.17731804828392,Fin,2007.000001,7.137278438055298,Gd,62.62587325538862,53.000001,72.000001,16.000001,5.000001,7.000001,147.57378534738783,2006.000001,2007.000001,172500.000001
7.133295955694153,1e-06,2.883273058823529,No,733.000001,BLQ,22.80350852390921,117.8511060992038,RFn,1960.000001,7.133295955694153,TA,104.49880382568979,69.000001,212.000001,213.000001,5.000001,6.000001,147.19548043460645,1960.000001,1960.000001,157000.000001
7.3024964244011805,1e-06,3.000001,Av,712.000001,GLQ,27.58622846639243,179.60840162415306,RFn,2004.000001,7.3024964244011805,Gd,91.65151390457225,70.000001,109.000001,35.000001,5.000001,7.000001,163.3624945280583,2004.000001,2005.000001,213000.000001
7.05875815337851,511.000001,4.000001,Mn,1e-06,Unf,34.10278582462143,129.13677968898497,Fin,1955.000001,7.422971251646792,TA,147.5804865183741,66.000001,1e-06,36.000001,7.000001,6.000001,140.28961488677413,1918.000001,1950.000001,185000.000001
6.761572769961463,1e-06,3.000001,No,191.000001,ALQ,25.94224356141928,145.78778962127762,Unf,1994.000001,6.761572769961463,TA,90.11104261409919,70.000001,1e-06,1e-06,7.000001,4.000001,115.80270768866573,1970.000001,1970.000001,124500.000001
7.028201432944529,445.000001,3.000001,No,1e-06,Unf,32.83291033399263,119.92602863858076,Unf,1930.000001,7.3607399036940055,TA,78.99367063885562,52.000001,1e-06,1e-06,7.000001,5.000001,133.58769496459448,1930.000001,1992.000001,162900.000001
7.458186157917188,1e-06,3.000001,Av,1300.000001,GLQ,20.832666680000425,191.8848657635822,Unf,2005.000001,7.458186157917188,Gd,107.91200119078508,78.000001,1e-06,24.000001,5.000001,7.000001,181.44834574636056,2005.000001,2005.000001,260000.000001
6.204557764588892,1427.000001,4.000001,None,1e-06,Unf,0.001,194.5811506346669,RFn,2003.000001,7.561121590050529,Gd,85.44588931598759,64.000001,500.000001,1e-06,5.000001,7.000001,9.999998191439196e-07,2003.000001,2003.000001,198500.000001
7.200424893691226,1e-06,3.000001,None,1e-06,Unf,0.001,90.88462413953131,Unf,1957.000001,7.200424893691226,TA,95.18403227957933,60.000001,98.000001,1e-06,6.000001,5.000001,9.999998191439196e-07,1957.000001,2006.000001,120000.000001
6.548219104195037,728.000001,3.000001,No,535.000001,BLQ,12.449899638149699,140.13825014044733,Fin,1977.000001,7.2626286016755035,TA,89.16277250624276,75.000001,140.000001,1e-06,6.000001,6.000001,100.12871860992644,1977.000001,1977.000001,159500.000001
6.57925121339899,1e-06,2.000001,No,1e-06,Unf,24.97999201360961,150.8901075992895,Unf,2005.000001,6.57925121339899,TA,92.3038460791315,60.000001,1e-06,1e-06,8.000001,6.000001,93.81718488904644,1928.000001,2003.000001,105900.000001
7.170888479281145,1116.000001,4.000001,No,1e-06,Unf,35.888716903784676,145.54351573089212,Unf,1991.000001,7.790282381117219,Gd,126.72410978578623,121.000001,284.000001,82.000001,5.000001,8.000001,149.83231092346062,1991.000001,1992.000001,260000.000001
6.679599187100664,566.000001,1.000001,No,732.000001,GLQ,8.0000000625,149.92221283727966,Unf,1993.000001,7.216709487443672,TA,118.80656547935388,85.000001,1e-06,30.000001,5.000001,5.000001,109.82689205404624,1993.000001,1995.000001,143000.000001
6.857514063596915,1e-06,2.000001,No,285.000001,ALQ,25.806975820502487,111.29576321146212,Unf,1936.000001,6.857514063596915,TA,93.621578714525,50.000001,1e-06,28.000001,6.000001,4.000001,123.20593643198252,1936.000001,1950.000001,106500.000001
6.663132697267942,701.000001,3.000001,No,1e-06,Unf,27.982137177134987,128.37677073747574,Fin,2005.000001,7.3024964244011805,Gd,101.17806086795694,65.000001,1e-06,72.000001,5.000001,6.000001,108.66377338691252,2005.000001,2007.000001,178900.000001
6.650279049881083,582.000001,3.000001,No,1e-06,Unf,26.15339368036202,9.999998851781368e-07,Unf,1979.000001,7.2115567340518085,Gd,82.95782061385171,60.000001,1e-06,1e-06,7.000001,6.000001,99.56423843222842,1914.000001,2006.000001,127000.000001
6.542471961947727,1e-06,2.883273058823529,No,365.000001,LwQ,8.660254095579413,117.8511060992038,Unf,1990.000001,6.542471961947727,Gd,65.42170894282722,40.000001,1e-06,1e-06,6.000001,5.000001,74.7848247302475,1913.000001,2002.000001,90350.000001
6.936342736805867,1e-06,3.000001,Mn,903.000001,Rec,11.224972204865365,93.40077193456746,Unf,1961.000001,6.936342736805867,TA,89.12350981082376,61.000001,192.000001,1e-06,5.000001,4.000001,129.6374661931448,1961.000001,1961.000001,118500.000001
7.0003344611868075,896.000001,4.000001,No,416.000001,Rec,20.223748440880094,153.5424317618167,RFn,1971.000001,7.597396320714551,TA,121.66757990935794,69.000001,252.000001,66.000001,5.000001,6.000001,112.39710142629364,1971.000001,1971.000001,190000.000001
6.675823222895882,325.000001,3.000001,Mn,507.000001,Rec,16.911534554853382,132.666261996421,Unf,1939.000001,7.019296654609499,TA,88.31760866893985,65.000001,1e-06,1e-06,7.000001,5.000001,109.55909298975621,1939.000001,1950.000001,119900.000001
6.56948142181682,739.000001,3.000001,No,450.000001,GLQ,15.524174728467855,156.18128360377673,Unf,1999.000001,7.280697196073446,Gd,61.114646370571435,35.000001,218.000001,34.000001,5.000001,7.000001,100.22262595805316,1999.000001,1999.000001,183900.000001
6.689599270422748,744.000001,3.000001,No,556.000001,Unf,15.748015779773654,140.13825014044733,Unf,1976.000001,7.344719054795667,Gd,48.04164860826489,24.000001,1e-06,1e-06,6.000001,6.000001,110.53924638303565,1976.000001,1976.000001,155000.000001
7.779885115488582,1e-06,3.000001,Gd,56.000001,GLQ,48.33218390472336,258.08970091798244,Fin,2003.000001,7.779885115488582,Ex,116.06894503268306,103.000001,922.000001,105.000001,5.000001,10.000001,223.13887236647201,2003.000001,2003.000001,386250.000001
6.946975993096957,1e-06,3.000001,No,824.000001,ALQ,14.69693849071976,106.23682028280652,Fin,1963.000001,6.946975993096957,TA,86.60254038421736,75.000001,1e-06,1e-06,5.000001,5.000001,130.53006679430052,1963.000001,1963.000001,133000.000001
7.074963198812068,960.000001,2.883273058823529,No,448.000001,Rec,21.166010512139504,156.89867985841894,Fin,1968.000001,7.669495251474547,Gd,114.0175425142991,100.000001,576.000001,72.000001,6.000001,6.000001,118.55573727065777,1968.000001,1968.000001,193500.000001
6.992096428335006,871.000001,3.000001,Av,1e-06,Unf,32.98484502009976,269.7670278561654,RFn,2006.000001,7.580189418455006,Gd,94.86832981032184,75.000001,1e-06,46.000001,5.000001,8.000001,134.3858236320086,2006.000001,2006.000001,270000.000001
6.984716321044192,1e-06,3.000001,No,680.000001,GLQ,20.000000025,9.999998851781368e-07,Unf,1979.000001,6.984716321044192,Gd,86.60254038421736,63.000001,120.000001,1e-06,5.000001,7.000001,133.7475340479421,2004.000001,2005.000001,141000.000001
6.55535689323314,689.000001,2.000001,No,1e-06,Unf,26.248809515861858,164.25631195023325,Unf,2007.000001,7.238496841612756,Gd,60.03332408754324,34.000001,1e-06,102.000001,5.000001,7.000001,100.03476208657999,2007.000001,2007.000001,146000.000001
6.895682698760013,1e-06,3.000001,No,827.000001,Rec,12.68857757985504,171.75043117981295,Unf,1963.000001,6.895682698760013,TA,99.72462083658178,69.000001,57.000001,1e-06,5.000001,5.000001,126.27964816834192,1961.000001,1961.000001,128500.000001
7.001245622980223,880.000001,4.000001,No,552.000001,BLQ,16.733200560562228,151.37336716126268,RFn,1968.000001,7.589841512688219,TA,99.49874371568718,69.000001,342.000001,43.000001,5.000001,7.000001,113.01257735162473,1968.000001,1968.000001,176000.000001
7.370230642436804,1e-06,2.883273058823529,Av,1162.000001,ALQ,20.63976746477537,147.98085470591184,RFn,1999.000001,7.370230642436804,Gd,101.3114011402468,78.000001,183.000001,29.000001,5.000001,7.000001,171.46325424401417,1999.000001,1999.000001,214000.000001
7.298445102184737,1e-06,2.000001,Av,578.000001,GLQ,29.866369062877396,150.8901075992895,Fin,2009.000001,7.298445102184737,Gd,66.3551053122516,69.000001,432.000001,144.000001,5.000001,7.000001,163.14817042399432,2009.000001,2009.000001,222000.000001
7.659642955036158,1e-06,3.000001,Gd,1e-06,Unf,46.05431576953456,207.90193285626344,Fin,2007.000001,7.659642955036158,Ex,120.20815280587253,107.000001,315.000001,98.000001,5.000001,9.000001,206.54619619853946,2006.000001,2007.000001,415298.000001
7.170888479281145,1e-06,2.000001,No,1e-06,Unf,35.9583092066354,171.75043117981295,RFn,2006.000001,7.170888479281145,Gd,84.85281374827827,60.000001,1e-06,121.000001,5.000001,7.000001,150.2068745307163,2006.000001,2006.000001,187750.000001
7.123672786010409,1e-06,1.000001,No,1106.000001,GLQ,11.618950081655399,171.0520177478328,Unf,2007.000001,7.123672786010409,Gd,65.3758365223727,35.000001,1e-06,116.000001,5.000001,7.000001,146.28531504385148,2006.000001,2007.000001,199900.000001
7.32843735355176,1e-06,2.883273058823529,No,644.000001,ALQ,23.430749049059443,149.43757295190485,Fin,1976.000001,7.32843735355176,TA,106.58799182365713,104.000001,160.000001,1e-06,5.000001,6.000001,142.61235612170023,1976.000001,1976.000001,180000.000001
7.203405521827142,1e-06,2.883273058823529,Gd,1309.000001,GLQ,5.916079867615041,219.24488317986905,Fin,1997.000001,7.203405521827142,TA,84.02380615635072,78.000001,200.000001,1e-06,5.000001,7.000001,153.99800928748144,1997.000001,1998.000001,206300.000001
7.122866659405534,1e-06,2.000001,Av,1e-06,Unf,35.213633737517064,228.28077181385225,RFn,2006.000001,7.122866659405534,Gd,92.49864864418291,74.000001,1e-06,93.000001,5.000001,7.000001,146.20932465685152,2006.000001,2006.000001,194000.000001
7.021083965181997,1120.000001,6.000001,None,1e-06,Unf,0.001,161.41998768031166,Unf,1979.000001,7.714231145295514,TA,83.77350417047147,64.000001,1e-06,1e-06,5.000001,5.000001,9.999998191439196e-07,1979.000001,1979.000001,142953.000001
7.272398393264491,1e-06,3.000001,No,678.000001,BLQ,27.604347501797612,146.7636799372733,Fin,1981.000001,7.272398393264491,Gd,112.00892822003075,69.000001,310.000001,1e-06,7.000001,6.000001,160.9961561242029,1981.000001,1981.000001,182900.000001
6.761572769961463,1e-06,3.000001,No,1e-06,Unf,29.39387693040848,98.64868876467132,Unf,1972.000001,6.761572769961463,TA,96.7109094208094,71.000001,1e-06,1e-06,5.000001,4.000001,115.80270768866573,1970.000001,1970.000001,116050.000001
7.426549072992543,1e-06,3.000001,No,144.000001,LwQ,19.46792235961506,174.304142486398,Fin,1998.000001,7.426549072992543,Gd,100.6975670063582,78.000001,1e-06,73.000001,5.000001,7.000001,175.7423927186369,1998.000001,1999.000001,213250.000001
6.850126167204823,545.000001,3.000001,No,1e-06,Unf,27.892651379888573,87.49749370294603,Unf,1940.000001,7.305860033355601,TA,99.49874371568718,60.000001,1e-06,1e-06,7.000001,6.000001,108.21456528002982,1940.000001,1950.000001,139500.000001
7.207118856949045,1e-06,3.000001,No,1e-06,Unf,36.72873535802724,164.0205073780126,Unf,2000.000001,7.207118856949045,TA,91.92388155969046,65.000001,108.000001,55.000001,5.000001,7.000001,154.3668653284825,2000.000001,2001.000001,179000.000001
6.803505258718216,1e-06,2.000001,No,1e-06,Unf,30.016662056264686,98.92259486390553,Unf,1954.000001,6.803505258718216,TA,77.45966693060332,50.000001,1e-06,1e-06,7.000001,4.000001,118.98266514602022,1954.000001,2000.000001,107900.000001
6.697034248901052,1e-06,3.000001,No,387.000001,ALQ,19.3390796316681,150.8901075992895,RFn,1992.000001,7.379632153233383,Gd,84.57541014384736,65.000001,1e-06,124.000001,5.000001,6.000001,106.67939149704584,1992.000001,1992.000001,175900.000001
7.049254842123892,1e-06,3.000001,No,1e-06,Unf,33.045423298847304,104.08552430833751,Unf,1950.000001,7.049254842123892,Gd,118.32159566621809,80.000001,1e-06,36.000001,8.000001,6.000001,134.70433210980147,1950.000001,2004.000001,158500.000001
6.977281342563583,1e-06,2.000001,Gd,547.000001,GLQ,0.001,160.70860836892987,Fin,2005.000001,6.977281342563583,TA,60.62177827315857,35.000001,80.000001,28.000001,5.000001,5.000001,86.13971402921172,2005.000001,2005.000001,145000.000001
7.722677516910677,1e-06,3.000001,Mn,35.000001,Unf,30.083217929603208,142.60268485267073,Unf,1953.000001,7.722677516910677,Gd,144.9137674653447,69.000001,184.000001,120.000001,5.000001,6.000001,186.45900331826846,1953.000001,1953.000001,217000.000001
6.946975993096957,1e-06,3.000001,Mn,532.000001,LwQ,19.078784054546034,150.8901075992895,Unf,1977.000001,6.946975993096957,Gd,93.8083152017986,61.000001,1e-06,1e-06,7.000001,5.000001,130.53006679430052,1977.000001,2008.000001,150500.000001
7.137278438055298,1e-06,1e-06,Av,1198.000001,Unf,0.001,130.14807763063857,Unf,1969.000001,7.137278438055298,TA,113.57816692040772,60.000001,1e-06,1e-06,4.000001,4.000001,142.99741678028656,1969.000001,1969.000001,108959.000001
6.546785412195244,804.000001,3.000001,No,518.000001,ALQ,13.379088197631406,135.17041656863177,Fin,1993.000001,7.313886832299684,Gd,87.66413178147606,69.000001,112.000001,63.000001,5.000001,6.000001,100.78504276189237,1993.000001,1994.000001,165600.000001
7.290292883128725,1e-06,3.000001,Av,16.000001,GLQ,38.07886554245019,180.52613012163138,Fin,2007.000001,7.290292883128725,Gd,94.47221814374848,73.000001,1e-06,18.000001,5.000001,8.000001,162.86215881835759,2007.000001,2007.000001,201000.000001
6.959398513083643,1e-06,3.000001,No,806.000001,ALQ,15.71623367731595,107.30766121487646,RFn,1959.000001,6.959398513083643,Gd,100.03499388214107,72.000001,54.000001,1e-06,7.000001,5.000001,131.5805715629856,1959.000001,2006.000001,145500.000001
7.4685132720671135,1e-06,2.000001,No,456.000001,GLQ,36.000000013888894,172.6803448211727,RFn,2005.000001,7.4685132720671135,Ex,87.50999943435036,61.000001,412.000001,82.000001,5.000001,9.000001,182.65793411265415,2005.000001,2005.000001,319900.000001
7.3092123663621065,1e-06,3.000001,Gd,1443.000001,GLQ,6.244998078462475,158.09219204266233,RFn,1998.000001,7.3092123663621065,Gd,127.26350616339313,69.000001,1e-06,25.000001,5.000001,7.000001,164.00452213323865,1998.000001,1998.000001,215000.000001
7.2619270934045055,1e-06,3.000001,No,490.000001,Unf,30.57776971919306,172.6803448211727,RFn,1964.000001,7.2619270934045055,TA,100.8712050141169,100.000001,272.000001,1e-06,5.000001,6.000001,159.91407674128624,1964.000001,1964.000001,180500.000001
7.439559309720863,1e-06,1.000001,No,1540.000001,GLQ,12.727922100641566,275.2460949898999,Fin,2008.000001,7.439559309720863,Ex,93.64293887421518,65.000001,766.000001,72.000001,5.000001,9.000001,179.2866945512111,2008.000001,2008.000001,367294.000001
7.495541944439812,1e-06,2.000001,No,1e-06,Unf,42.426406882977965,201.27418170869586,Fin,2007.000001,7.495541944439812,Ex,109.19249058886788,122.000001,1e-06,136.000001,5.000001,9.000001,185.86174508675123,2007.000001,2007.000001,239000.000001
7.148345744686231,928.000001,4.000001,No,1084.000001,ALQ,13.711309237268337,9.999998851781368e-07,Unf,1979.000001,7.696212639800953,TA,93.68564458336186,67.000001,1e-06,70.000001,7.000001,5.000001,148.63015908040109,1900.000001,2003.000001,145900.000001
6.725033643367323,833.000001,3.000001,No,1e-06,Unf,24.248711326583933,84.0714002298732,Unf,1925.000001,7.418180823327028,Gd,71.4142842924299,69.000001,1e-06,63.000001,7.000001,8.000001,90.27305320939435,1925.000001,1996.000001,161000.000001
7.238496841612756,1392.000001,5.000001,No,790.000001,Unf,11.532562638026294,169.88611600647954,RFn,1978.000001,7.931644021813506,Gd,129.19752319994373,80.000001,184.000001,112.000001,5.000001,7.000001,157.51889593695984,1978.000001,1978.000001,250000.000001
7.030857477000294,1e-06,2.883273058823529,No,168.000001,Rec,27.18455445652917,194.5811506346669,Unf,1995.000001,7.030857477000294,TA,76.97402159819896,50.000001,435.000001,72.000001,7.000001,4.000001,119.49385022438365,1937.000001,2000.000001,89471.000001
6.674561393077052,725.000001,3.000001,No,1e-06,Unf,28.142494576707303,130.14807763063857,Unf,1931.000001,7.324489980007728,Gd,106.93455943239304,69.000001,1e-06,1e-06,7.000001,8.000001,109.46974533152854,1929.000001,1950.000001,230000.000001
7.021083965181997,1e-06,2.883273058823529,No,206.000001,ALQ,30.232432932200478,9.999998851781368e-07,Unf,1979.000001,7.021083965181997,TA,91.6624241497027,70.000001,1e-06,30.000001,5.000001,5.000001,136.9222083539658,2007.000001,2007.000001,147000.000001
6.699500341393205,670.000001,3.000001,No,1e-06,Unf,19.59591796778094,128.1231395166084,Fin,1992.000001,7.301147806530796,Gd,95.52486587794824,69.000001,170.000001,25.000001,5.000001,7.000001,68.44573236081418,1992.000001,1992.000001,163900.000001
6.761572769961463,1e-06,2.000001,No,524.000001,ALQ,12.649110680201987,172.6803448211727,Unf,1989.000001,6.761572769961463,TA,102.46950766447549,70.000001,1e-06,1e-06,6.000001,4.000001,115.80270768866573,1971.000001,1971.000001,97000.000001
7.080026500764341,1e-06,3.000001,No,1000.000001,Rec,13.711309237268337,162.13044131969366,RFn,1959.000001,7.080026500764341,TA,110.272390021256,69.000001,180.000001,1e-06,5.000001,5.000001,142.2267117005588,1959.000001,1959.000001,142000.000001
6.656726525463738,798.000001,3.000001,No,1e-06,Unf,27.748873869041965,181.44248020239044,RFn,2006.000001,7.362645271052342,Gd,90.13878189214674,65.000001,1e-06,50.000001,5.000001,7.000001,107.49365647707789,2006.000001,2006.000001,197000.000001
6.866933285503548,1e-06,3.000001,Av,789.000001,ALQ,13.076696868857976,172.6803448211727,Unf,1970.000001,6.866933285503548,TA,99.36297097510722,60.000001,160.000001,288.000001,5.000001,4.000001,123.957515387359,1970.000001,1970.000001,129000.000001
7.361375429612672,1e-06,3.000001,No,24.000001,GLQ,39.37003938275907,227.8529197367314,RFn,2006.000001,7.361375429612672,Gd,109.34806811736547,75.000001,53.000001,104.000001,5.000001,8.000001,170.48869227511474,2006.000001,2006.000001,232000.000001
6.9047507709648475,1e-06,3.000001,No,1e-06,Unf,28.160255698412968,9.999998851781368e-07,Unf,1979.000001,7.324489980007728,Fa,92.19544457835214,85.000001,1e-06,1e-06,7.000001,5.000001,109.55909298975621,1919.000001,2005.000001,115000.000001
7.288927695204317,1e-06,3.000001,Av,444.000001,ALQ,8.717797944435281,149.92221283727966,RFn,1997.000001,7.288927695204317,TA,113.51651862614533,70.000001,1e-06,1e-06,6.000001,5.000001,83.35650365999588,1963.000001,1999.000001,175000.000001
7.152268856815625,1067.000001,3.000001,No,1e-06,Unf,35.55277768332596,241.64006715316472,RFn,1996.000001,7.759614151123524,Gd,101.0346475274695,79.000001,921.000001,1e-06,5.000001,7.000001,148.02703459727263,1996.000001,1997.000001,265000.000001
7.213768308855019,1e-06,2.000001,Av,720.000001,GLQ,25.258661900425366,150.8901075992895,RFn,2004.000001,7.213768308855019,Gd,90.54280756084384,59.000001,146.000001,30.000001,5.000001,7.000001,155.02956331239432,2004.000001,2004.000001,207000.000001
6.8543545033098745,742.000001,3.000001,No,1e-06,Unf,30.39736832359012,145.78778962127762,RFn,2000.000001,7.432483808508835,TA,89.79420917297507,69.000001,1e-06,48.000001,5.000001,6.000001,120.93561598087068,2000.000001,2000.000001,181000.000001
7.231287005051204,1e-06,3.000001,Gd,672.000001,Rec,0.001,240.5879285080716,Unf,1991.000001,7.231287005051204,TA,138.91004283708216,120.000001,399.000001,1e-06,5.000001,6.000001,155.32358589665688,1962.000001,1962.000001,176000.000001
6.788971744118296,676.000001,3.000001,No,1e-06,Unf,25.495097587575536,148.95246823705224,Unf,1980.000001,7.355001921744643,TA,91.65151390457225,70.000001,130.000001,50.000001,6.000001,6.000001,96.33103120606005,1980.000001,1981.000001,171000.000001
7.174724310602073,1e-06,1.000001,Av,900.000001,ALQ,20.14944170442447,183.72739673198728,Unf,2005.000001,7.174724310602073,Gd,73.35529974718936,34.000001,135.000001,63.000001,5.000001,6.000001,151.17829815177163,2005.000001,2005.000001,196000.000001
7.036148494630043,1e-06,2.000001,No,980.000001,GLQ,9.591663098754042,166.84360816447526,Unf,1987.000001,7.036148494630043,Gd,117.52021103197526,54.000001,72.000001,1e-06,6.000001,6.000001,136.29059518330513,1987.000001,1987.000001,176000.000001
6.895682698760013,1e-06,2.000001,No,1e-06,Unf,31.432467306910542,159.52090145339065,RFn,1954.000001,6.895682698760013,TA,147.47881204091658,100.000001,1e-06,1e-06,5.000001,5.000001,126.27964816834192,1954.000001,1954.000001,113000.000001
6.356107662432002,533.000001,3.000001,Av,349.000001,ALQ,4.7958316275699255,100.83374951438928,Unf,1971.000001,7.011213988252081,TA,102.46950766447549,70.000001,82.000001,1e-06,7.000001,5.000001,67.04497682875717,1971.000001,2005.000001,139000.000001
7.033506485169531,1e-06,2.000001,No,588.000001,Unf,20.542638608513755,91.44552013042399,Unf,1960.000001,7.033506485169531,TA,83.6660026593837,70.000001,45.000001,16.000001,7.000001,5.000001,128.0875342413103,1960.000001,2002.000001,135000.000001
7.344719054795667,1066.000001,4.000001,No,956.000001,ALQ,19.59591796778094,183.72739673198728,RFn,1974.000001,7.868636894566722,TA,103.9230484589439,90.000001,1e-06,243.000001,7.000001,6.000001,166.84110259923645,1974.000001,1997.000001,240000.000001
6.762729508087949,445.000001,2.000001,No,617.000001,LwQ,0.001,129.642719630099,Unf,1924.000001,7.177782416958556,TA,83.6660026593837,50.000001,1e-06,1e-06,6.000001,6.000001,93.13395585535318,1924.000001,1950.000001,112000.000001
6.984716321044192,1e-06,3.000001,No,336.000001,ALQ,27.349588680636497,150.8901075992895,Unf,1983.000001,6.984716321044192,TA,95.84883933047912,71.000001,1e-06,1e-06,5.000001,6.000001,134.0668916538954,1983.000001,1983.000001,134000.000001
7.310550159202871,636.000001,1.000001,Gd,1441.000001,GLQ,7.416198554515649,180.98447677186522,Fin,1983.000001,7.6648157857547785,Gd,111.02702374197014,79.000001,1e-06,40.000001,8.000001,8.000001,165.00043744876473,1983.000001,2009.000001,316600.000001
7.108244140549871,698.000001,4.000001,No,1e-06,Unf,23.87467279356934,151.61482600183447,RFn,1968.000001,7.5600804655426606,Gd,100.95543571794438,102.000001,143.000001,98.000001,6.000001,7.000001,88.47167233898482,1968.000001,1992.000001,170000.000001
6.598509029976913,1e-06,2.000001,No,1e-06,Unf,25.455844142357567,140.13825014044733,Unf,1990.000001,7.019296654609499,TA,66.33249581464578,40.000001,1e-06,1e-06,8.000001,6.000001,96.1389640494289,1920.000001,1950.000001,116000.000001
7.440733707976116,1e-06,3.000001,No,1218.000001,GLQ,22.045407707729062,216.64300070145194,Unf,2008.000001,7.440733707976116,Gd,107.13542831855389,98.000001,200.000001,50.000001,5.000001,8.000001,179.42222581542475,2007.000001,2008.000001,306000.000001
6.758094505589171,1e-06,1.000001,No,262.000001,BLQ,24.47447652147028,164.0205073780126,Unf,1961.000001,6.758094505589171,TA,111.09455432648353,69.000001,1e-06,1e-06,5.000001,4.000001,115.54273803839094,1940.000001,1950.000001,82500.000001
6.947937069575584,702.000001,3.000001,No,384.000001,ALQ,11.958260784913499,164.0205073780126,Unf,1968.000001,7.463363046093744,TA,108.16653826854218,90.000001,365.000001,1e-06,6.000001,6.000001,101.2523886581543,1968.000001,1968.000001,175000.000001
6.180016655722966,504.000001,2.883273058823529,No,321.000001,Rec,12.727922100641566,98.64868876467132,Unf,1987.000001,6.894670040446653,TA,43.2319326540001,21.000001,127.000001,1e-06,6.000001,6.000001,79.45610714227328,1970.000001,1970.000001,106000.000001
7.106606138546974,1e-06,2.000001,Av,684.000001,GLQ,22.693611457853066,185.54928933401226,RFn,2006.000001,7.106606138546974,Gd,86.05811990161068,64.000001,84.000001,54.000001,5.000001,7.000001,143.0743591525743,2006.000001,2006.000001,194000.000001
7.245655068307802,1e-06,2.000001,Av,1e-06,Unf,35.468295716033495,189.17731804828392,Fin,2006.000001,7.245655068307802,Gd,62.62587325538862,53.000001,72.000001,16.000001,5.000001,7.000001,147.57378534738783,2006.000001,2007.000001,194201.000001
6.742880636971148,1e-06,2.883273058823529,Mn,662.000001,GLQ,13.638181733647635,135.17041656863177,RFn,2004.000001,6.742880636971148,Gd,66.59579567059771,37.000001,169.000001,1e-06,5.000001,6.000001,114.41239824133706,2004.000001,2004.000001,155900.000001
6.897704944138737,1e-06,3.000001,No,746.000001,ALQ,15.620499383822528,149.92221283727966,Unf,2000.000001,6.897704944138737,TA,89.84430978642999,60.000001,1e-06,64.000001,5.000001,5.000001,126.44459845429009,1994.000001,1995.000001,138000.000001
7.213031660571789,1e-06,2.000001,Av,719.000001,ALQ,17.320508104556286,107.30766121487646,RFn,1959.000001,7.213031660571789,Ex,107.29398865267336,124.000001,84.000001,1e-06,7.000001,6.000001,128.82301412083464,1959.000001,2006.000001,177000.000001
7.336285660672764,1e-06,3.000001,No,2.000001,GLQ,38.92300092490301,162.3670546055776,RFn,2004.000001,7.336285660672764,Gd,100.85137580122544,70.000001,168.000001,1e-06,5.000001,7.000001,166.48801682900202,2004.000001,2004.000001,214000.000001
6.8178305725482415,1e-06,2.000001,Av,298.000001,GLQ,23.916521507108847,172.6803448211727,Unf,1998.000001,6.8178305725482415,TA,94.05317645353611,57.000001,1e-06,1e-06,5.000001,5.000001,116.32167063561131,1996.000001,1996.000001,148000.000001
6.841615477545968,316.000001,3.000001,No,1e-06,Unf,22.44994434291542,172.6803448211727,Unf,1986.000001,7.132497552458766,TA,86.24384036555887,92.000001,1e-06,1e-06,8.000001,5.000001,81.6825696426546,1908.000001,1991.000001,127000.000001
6.910750788958945,1e-06,3.000001,Av,819.000001,GLQ,13.564660003111026,175.4612618542842,Unf,1984.000001,6.910750788958945,TA,89.08984229978185,37.000001,1e-06,1e-06,6.000001,6.000001,127.51385566851823,1984.000001,1984.000001,142500.000001
6.44571982097288,1e-06,1.000001,Av,509.000001,GLQ,11.000000045454545,100.28880082365856,Unf,1970.000001,6.44571982097288,TA,38.43175771416134,21.000001,1e-06,1e-06,4.000001,4.000001,94.40060934026103,1970.000001,1970.000001,80000.000001
7.037027615565011,1e-06,3.000001,Av,507.000001,GLQ,9.000000055555555,94.23505330080792,Unf,1958.000001,7.037027615565011,TA,102.38163898375528,65.000001,63.000001,1e-06,8.000001,6.000001,90.27305320939435,1958.000001,1958.000001,145000.000001
6.754604100653464,858.000001,4.000001,No,319.000001,Rec,23.216373554024322,152.33852219999335,Fin,1962.000001,7.4477512806306585,TA,96.1613227914425,70.000001,318.000001,84.000001,6.000001,6.000001,115.28244088004587,1962.000001,1962.000001,171000.000001
6.639875835133726,600.000001,2.000001,No,471.000001,ALQ,17.14642822864284,140.13825014044733,Unf,1971.000001,7.218909708351661,TA,43.81780461182418,24.000001,376.000001,36.000001,5.000001,5.000001,107.04171416717155,1971.000001,1971.000001,122500.000001
7.199678346437999,1e-06,3.000001,No,504.000001,LwQ,22.91287849660099,102.46343349288705,Unf,1958.000001,7.199678346437999,TA,86.94826048288718,70.000001,1e-06,1e-06,6.000001,5.000001,129.6374661931448,1958.000001,1965.000001,139000.000001
7.11314210952142,1e-06,2.000001,Mn,767.000001,GLQ,21.47091057687121,147.98085470591184,Fin,1988.000001,7.11314210952142,Gd,68.34471450668296,40.000001,1e-06,120.000001,5.000001,8.000001,145.29570497241144,1988.000001,1989.000001,189000.000001
6.656726525463738,1e-06,2.000001,No,403.000001,ALQ,14.560219812901178,248.96757557781177,Unf,1966.000001,6.656726525463738,TA,83.06623863520004,71.000001,1e-06,25.000001,6.000001,5.000001,104.76578227640914,1940.000001,1955.000001,120500.000001
6.946975993096957,1e-06,3.000001,No,616.000001,Rec,20.591260306256146,9.999998851781368e-07,Unf,1979.000001,6.946975993096957,TA,91.81503145454997,60.000001,136.000001,1e-06,5.000001,5.000001,130.53006679430052,1978.000001,1978.000001,124000.000001
6.8543545033098745,980.000001,5.000001,Mn,1e-06,Unf,26.191601726507677,9.999998851781368e-07,Unf,1979.000001,7.564238475689163,TA,84.15461960581844,69.000001,1e-06,1e-06,8.000001,5.000001,99.75259649280237,1916.000001,1995.000001,160000.000001
7.198931241435558,1296.000001,6.000001,No,500.000001,LwQ,27.349588680636497,258.08970091798244,Unf,1969.000001,7.876258882682877,TA,107.90273398297191,91.000001,368.000001,1e-06,5.000001,5.000001,146.81662946231756,1969.000001,1969.000001,200000.000001
7.131698511266272,1e-06,3.000001,No,553.000001,Unf,26.419689646171094,145.29912067624144,Unf,1964.000001,7.131698511266272,TA,93.8083152017986,80.000001,425.000001,116.000001,6.000001,6.000001,147.04400573902322,1964.000001,1964.000001,160000.000001
7.297091005837925,677.000001,3.000001,Mn,904.000001,GLQ,23.151673827177163,208.78088001916757,Fin,2000.000001,7.674617497828831,Ex,105.11898021289971,69.000001,204.000001,142.000001,5.000001,9.000001,160.9961561242029,2000.000001,2000.000001,313000.000001
7.488293515719025,1e-06,3.000001,Gd,1e-06,Unf,41.8688428428587,211.41118283380746,RFn,2001.000001,7.488293515719025,Gd,121.57713601249209,69.000001,178.000001,150.000001,5.000001,8.000001,182.7250013893126,2001.000001,2002.000001,275000.000001
6.761572769961463,1e-06,2.000001,No,41.000001,BLQ,28.68797659299101,9.999998851781368e-07,Unf,1979.000001,6.761572769961463,TA,90.81850032344731,45.000001,1e-06,1e-06,3.000001,3.000001,115.80270768866573,1914.000001,1950.000001,67000.000001
7.015712421384896,1e-06,2.883273058823529,No,646.000001,GLQ,21.633307675896443,172.6803448211727,Unf,2004.000001,7.015712421384896,Gd,117.02563822086167,66.000001,1e-06,102.000001,5.000001,5.000001,136.44865201698937,2004.000001,2004.000001,159000.000001
7.40974195468625,1e-06,2.000001,Av,1196.000001,GLQ,17.26267653059629,154.50355379452733,RFn,2000.000001,7.40974195468625,Ex,73.0068490006246,41.000001,1e-06,48.000001,5.000001,8.000001,164.85837077077727,2000.000001,2000.000001,251000.000001
6.946975993096957,1e-06,2.000001,None,1e-06,Unf,0.001,130.14807763063857,Unf,1987.000001,6.946975993096957,TA,92.43376007174002,60.000001,1e-06,1e-06,4.000001,3.000001,9.999998191439196e-07,1950.000001,1950.000001,92900.000001
6.664409021625918,1e-06,2.000001,No,784.000001,ALQ,0.001,9.999998851781368e-07,Unf,1979.000001,6.664409021625918,Gd,78.29431653063969,50.000001,1e-06,1e-06,6.000001,5.000001,108.75349049945964,1924.000001,1950.000001,109500.000001
7.518607217358141,1e-06,1e-06,Gd,1810.000001,GLQ,5.656854337880727,242.6908495291093,Fin,1981.000001,7.518607217358141,Gd,224.21195329642887,68.000001,1e-06,72.000001,5.000001,9.000001,188.63982159374746,1981.000001,1987.000001,385000.000001
7.289610522133762,915.000001,3.000001,No,187.000001,LwQ,10.535653800310639,177.30797604598985,Unf,1965.000001,7.774855767085689,TA,135.8307770757423,69.000001,113.000001,265.000001,5.000001,6.000001,128.98613479719666,1965.000001,1979.000001,129000.000001
7.252053952561531,1e-06,3.000001,No,822.000001,ALQ,23.748684195129634,165.1985319660164,Fin,1977.000001,7.252053952561531,TA,109.08712115094063,85.000001,209.000001,1e-06,5.000001,7.000001,157.08121302291806,1977.000001,1977.000001,82500.000001
7.347943823792602,1177.000001,4.000001,Gd,28.000001,LwQ,0.001,172.6803448211727,Unf,1987.000001,7.9120568885453055,Gd,101.88228502050787,86.000001,172.000001,96.000001,5.000001,7.000001,165.42622611333388,1986.000001,1987.000001,301000.000001
7.4121603355490695,1e-06,3.000001,Av,24.000001,GLQ,40.398019765825154,228.28077181385225,Unf,2006.000001,7.4121603355490695,Gd,105.33755266285618,84.000001,1e-06,146.000001,5.000001,8.000001,176.15339078631973,2006.000001,2006.000001,249700.000001
6.44571982097288,1e-06,1.000001,Av,495.000001,ALQ,11.618950081655399,9.999998851781368e-07,Unf,1979.000001,6.44571982097288,TA,43.47413025006941,21.000001,1e-06,1e-06,7.000001,4.000001,94.40060934026103,1972.000001,1972.000001,81000.000001
7.294377299968169,1e-06,3.000001,Av,1036.000001,GLQ,18.330302807100598,175.4612618542842,Unf,1980.000001,7.294377299968169,TA,118.80656547935388,69.000001,225.000001,48.000001,5.000001,7.000001,156.05728016285593,1980.000001,1980.000001,187500.000001
7.238496841612756,1e-06,2.000001,No,1e-06,Unf,37.30951622575667,172.6803448211727,RFn,1968.000001,7.238496841612756,TA,116.44741302837087,120.000001,216.000001,1e-06,3.000001,6.000001,157.51889593695984,1968.000001,1968.000001,110000.000001
6.908754780314221,634.000001,2.000001,No,1e-06,Unf,22.022715568249073,91.72558908694762,Unf,1950.000001,7.399398083942975,Gd,72.86974681580827,59.000001,1e-06,1e-06,8.000001,6.000001,79.66963658109307,1910.000001,2003.000001,117000.000001
6.761572769961463,1e-06,3.000001,Mn,360.000001,Rec,22.44994434291542,100.83374951438928,RFn,1972.000001,6.761572769961463,TA,97.7752524977563,120.000001,1e-06,1e-06,7.000001,5.000001,115.80270768866573,1972.000001,1972.000001,128500.000001
7.31721240902385,1e-06,2.000001,Gd,16.000001,GLQ,36.68787266931677,140.13825014044733,Unf,2005.000001,7.31721240902385,Gd,54.890800695562824,43.000001,145.000001,20.000001,5.000001,7.000001,155.32358589665688,2005.000001,2005.000001,213490.000001
6.913737351653721,1040.000001,3.000001,No,866.000001,GLQ,11.489125336595471,237.84595269160968,RFn,2003.000001,7.623641947000331,Gd,103.07764064529223,85.000001,292.000001,62.000001,5.000001,7.000001,127.10319906913007,2003.000001,2004.000001,284000.000001
7.282073658781223,482.000001,3.000001,No,1e-06,Unf,37.49666653183987,155.70247803658515,RFn,2000.000001,7.568379268353051,Gd,105.80170131429834,106.000001,40.000001,124.000001,5.000001,8.000001,158.53751285450437,2000.000001,2000.000001,230500.000001
7.5432733472351075,1e-06,2.000001,No,247.000001,Unf,23.600847463597574,173.1447462466027,Fin,1966.000001,7.5432733472351075,Gd,128.42118205732262,137.000001,1e-06,1e-06,6.000001,6.000001,166.48801682900202,1966.000001,2002.000001,190000.000001
7.119635638826698,1e-06,3.000001,No,465.000001,BLQ,21.142374535515163,100.83374951438928,Unf,1961.000001,7.119635638826698,TA,83.62415919457726,65.000001,1e-06,1e-06,7.000001,5.000001,119.91890499559776,1961.000001,1994.000001,135000.000001
7.222566019552097,1e-06,3.000001,No,1e-06,Unf,33.01514805358292,149.67995084929706,RFn,1976.000001,7.222566019552097,TA,101.9803902767586,80.000001,189.000001,1e-06,5.000001,7.000001,134.54513067619558,1976.000001,1976.000001,152000.000001
6.946975993096957,1e-06,2.000001,None,1e-06,Unf,0.001,130.14807763063857,Unf,1949.000001,6.946975993096957,TA,92.43376007174002,69.000001,340.000001,1e-06,4.000001,3.000001,9.999998191439196e-07,1949.000001,1950.000001,87500.000001
6.354370042536481,560.000001,3.000001,No,350.000001,ALQ,0.001,172.6803448211727,RFn,1971.000001,7.03438793079656,Gd,84.85281374827827,60.000001,1e-06,1e-06,9.000001,7.000001,87.4620336333565,1936.000001,2007.000001,155000.000001
6.761572769961463,1e-06,3.000001,No,432.000001,ALQ,20.784609714882787,9.999998851781368e-07,Unf,1979.000001,6.761572769961463,TA,102.46950766447549,70.000001,1e-06,1e-06,5.000001,4.000001,115.80270768866573,1971.000001,1971.000001,115000.000001
7.0021559553135395,1e-06,3.000001,No,1e-06,Unf,33.15116892358398,117.8511060992038,Unf,1999.000001,7.0021559553135395,Gd,97.59610648483883,75.000001,1e-06,1e-06,6.000001,5.000001,135.2607092319578,1995.000001,2006.000001,144000.000001
6.886531643551961,871.000001,3.000001,No,595.000001,GLQ,19.442222120940805,146.7636799372733,Fin,1994.000001,7.522940918612911,Gd,173.08668348836082,69.000001,1e-06,98.000001,6.000001,7.000001,125.03865010594332,1994.000001,1994.000001,248000.000001
6.715383387546802,587.000001,4.000001,No,1e-06,Unf,27.928480105440755,98.64868876467132,Unf,1939.000001,7.252762418761403,TA,77.45966693060332,50.000001,1e-06,1e-06,6.000001,6.000001,108.39437332081846,1939.000001,1950.000001,132500.000001
6.797940414091002,896.000001,4.000001,No,1e-06,Unf,29.93325911089536,9.999998851781368e-07,Unf,1979.000001,7.491087594092911,TA,94.86832981032184,60.000001,1e-06,45.000001,5.000001,5.000001,118.55573727065777,1974.000001,1974.000001,136000.000001
6.725033643367323,1e-06,2.000001,No,415.000001,Rec,20.445048324716673,111.03121217845363,Unf,1955.000001,6.725033643367323,Gd,73.48469229029948,90.000001,1e-06,1e-06,7.000001,5.000001,113.10034948021773,1954.000001,2000.000001,117000.000001
7.049254842123892,1e-06,2.883273058823529,None,1e-06,Unf,0.001,9.999998851781368e-07,Unf,1979.000001,7.049254842123892,Fa,77.71743691733535,65.000001,1e-06,1e-06,5.000001,4.000001,9.999998191439196e-07,1955.000001,1955.000001,82000.000001
7.298445102184737,1e-06,3.000001,No,1270.000001,BLQ,14.422205136524719,154.26343931956453,Unf,1960.000001,7.298445102184737,TA,132.6649916179849,69.000001,30.000001,40.000001,5.000001,6.000001,163.71935104678258,1960.000001,1960.000001,157500.000001
6.57925121339899,564.000001,2.000001,No,312.000001,LwQ,20.199009901477844,87.49749370294603,Unf,1948.000001,7.157735485028723,TA,59.1607978394477,50.000001,1e-06,35.000001,7.000001,5.000001,102.92497259099338,1947.000001,1950.000001,110000.000001
6.793466133701085,783.000001,3.000001,No,1e-06,Unf,29.00000001724138,155.2232368903524,Fin,1999.000001,7.423568444856182,TA,157.10506039271937,69.000001,1e-06,103.000001,5.000001,6.000001,113.80116141822583,1999.000001,1999.000001,181000.000001
6.841615477545968,840.000001,3.000001,None,1e-06,Unf,30.59411709789972,148.46689629510126,RFn,2002.000001,7.482118924115179,Gd,118.34694757787376,65.000001,144.000001,96.000001,5.000001,7.000001,121.94756656420556,2002.000001,2002.000001,192500.000001
6.824373671130043,866.000001,3.000001,Mn,486.000001,GLQ,20.832666680000425,180.06743886974837,RFn,2001.000001,7.487733761996354,Gd,106.06601718269617,68.000001,162.000001,42.000001,5.000001,7.000001,120.59724541633115,2001.000001,2002.000001,223500.000001
7.140453043893552,1e-06,3.000001,Gd,978.000001,ALQ,16.852299576022258,145.0546041347699,RFn,1976.000001,7.140453043893552,TA,97.97958971643023,80.000001,1e-06,1e-06,8.000001,6.000001,147.87603809878377,1976.000001,1976.000001,181500.000001
6.992096428335006,1e-06,2.000001,No,1e-06,Unf,32.77193923160483,145.29912067624144,RFn,1987.000001,6.992096428335006,Gd,60.79473662250705,69.000001,1e-06,74.000001,5.000001,8.000001,133.26769488701905,1986.000001,1986.000001,170000.000001
7.215239979465392,1e-06,1.000001,Av,1036.000001,GLQ,13.564660003111026,170.1194852404019,RFn,1984.000001,7.215239979465392,Gd,76.24959016939042,69.000001,1e-06,1e-06,5.000001,8.000001,144.68483183698842,1984.000001,1984.000001,187500.000001
6.646390516146431,812.000001,3.000001,No,490.000001,GLQ,16.733200560562228,159.52090145339065,RFn,2004.000001,7.366445148959711,Gd,91.21403401341266,64.000001,1e-06,45.000001,5.000001,7.000001,107.49365647707789,2004.000001,2004.000001,185900.000001
6.883462587437682,332.000001,2.000001,No,428.000001,Rec,17.320508104556286,92.00540696936193,Unf,1940.000001,7.1762545327816705,TA,97.97958971643023,130.000001,1e-06,70.000001,7.000001,5.000001,103.66348558070236,1940.000001,1950.000001,160000.000001
7.266128780255263,1e-06,3.000001,Av,560.000001,GLQ,29.512709143689264,193.23440041956937,Fin,1999.000001,7.266128780255263,Gd,94.95788540716353,68.000001,1e-06,35.000001,5.000001,7.000001,160.3474002546944,1999.000001,1999.000001,192000.000001
7.264730178629658,1e-06,3.000001,No,594.000001,BLQ,18.193405426142736,171.75043117981295,Unf,1960.000001,7.264730178629658,Gd,120.76837334749524,69.000001,85.000001,110.000001,6.000001,6.000001,138.80733932372829,1960.000001,1987.000001,181900.000001
6.998509643163843,844.000001,3.000001,Mn,1e-06,Unf,33.09078423065854,275.44839943870943,RFn,2006.000001,7.569927655758382,Gd,103.57605901461979,84.000001,1e-06,51.000001,5.000001,8.000001,134.942936815527,2006.000001,2006.000001,266000.000001
6.761572769961463,1e-06,2.000001,No,1e-06,Unf,29.39387693040848,9.999998851781368e-07,Unf,1979.000001,6.761572769961463,TA,63.718129296143026,56.000001,1e-06,96.000001,8.000001,5.000001,115.80270768866573,1922.000001,1950.000001,99900.000001
7.2626286016755035,1519.000001,3.000001,Gd,1e-06,Unf,37.54996672435277,187.592612354408,Fin,2006.000001,7.987864096425246,Gd,116.97008164911232,66.000001,1031.000001,1e-06,5.000001,10.000001,158.82787184681843,2006.000001,2006.000001,438780.000001
7.180831199805591,1e-06,3.000001,Mn,936.000001,GLQ,19.078784054546034,167.07822686693174,RFn,2009.000001,7.180831199805591,Gd,92.95160031435715,72.000001,72.000001,112.000001,5.000001,8.000001,150.73038521499188,2009.000001,2009.000001,229456.000001
7.515344571725098,1e-06,3.000001,No,24.000001,GLQ,42.8485705829261,150.8901075992895,Fin,2004.000001,7.515344571725098,Gd,95.393920146936,70.000001,1e-06,33.000001,5.000001,7.000001,189.82340197017214,2004.000001,2005.000001,216837.000001
6.763884909717169,1e-06,2.000001,No,329.000001,ALQ,18.89444365415399,9.999998851781368e-07,Unf,1979.000001,6.763884909717169,Gd,62.28964601761676,40.000001,1e-06,42.000001,9.000001,5.000001,99.75259649280237,1945.000001,1997.000001,110500.000001
7.358193753370381,1e-06,1.000001,No,988.000001,Unf,19.94993736832274,191.8848657635822,Unf,2007.000001,7.358193753370381,Gd,60.29096118822456,51.000001,130.000001,20.000001,5.000001,7.000001,157.08121302291806,2007.000001,2007.000001,175900.000001
7.432483808508835,1589.000001,4.000001,Gd,1416.000001,ALQ,15.297058573464376,231.48214028295445,Fin,2003.000001,8.09529377714962,Ex,231.309316718977,47.000001,603.000001,36.000001,5.000001,8.000001,175.7423927186369,2003.000001,2003.000001,538000.000001
8.453614209986496,950.000001,3.000001,Gd,5644.000001,GLQ,21.587033168084957,346.6969305607231,Fin,2008.000001,8.637993891739184,Ex,252.75877828672935,313.000001,796.000001,292.000001,5.000001,10.000001,407.2127941074306,2008.000001,2008.000001,160000.000001
6.89060912116446,756.000001,3.000001,No,649.000001,GLQ,17.916472895076197,149.92221283727966,Fin,1999.000001,7.461065514929326,Gd,51.4295634922172,24.000001,456.000001,1e-06,5.000001,8.000001,124.78962314947026,1999.000001,2000.000001,172500.000001
6.626717750573528,755.000001,4.000001,Mn,1e-06,Unf,27.477263346265037,103.0049647733553,Unf,1940.000001,7.319864930471222,TA,95.31002046479688,60.000001,1e-06,1e-06,5.000001,4.000001,106.13461464521254,1940.000001,1950.000001,108000.000001
6.95654544410395,745.000001,4.000001,No,1e-06,Unf,32.403703507469636,117.8511060992038,Unf,1954.000001,7.492760301479483,TA,110.22703842977911,81.000001,335.000001,1e-06,5.000001,5.000001,131.33856535841682,1954.000001,1954.000001,131500.000001
6.542471961947727,600.000001,3.000001,None,1e-06,Unf,0.001,9.999998851781368e-07,Unf,1979.000001,7.165493475833643,TA,103.9230484589439,60.000001,1e-06,114.000001,7.000001,4.000001,9.999998191439196e-07,1900.000001,2000.000001,106250.000001
7.642044403353104,1e-06,2.000001,Av,1636.000001,GLQ,21.02379606541121,308.65180927278266,Fin,2007.000001,7.642044403353104,Ex,121.66757990935794,114.000001,816.000001,45.000001,5.000001,10.000001,203.8446314184358,2007.000001,2008.000001,385000.000001
7.476472381730157,1e-06,2.883273058823529,Mn,1121.000001,GLQ,25.39685021808807,149.43757295190485,Fin,2009.000001,7.476472381730157,Ex,95.84883933047912,85.000001,162.000001,130.000001,5.000001,9.000001,183.5956212747906,2009.000001,2009.000001,370878.000001
7.600902460042082,704.000001,4.000001,Gd,1410.000001,Unf,23.28089347512247,163.78460252413507,Fin,1972.000001,7.9024874375326775,Ex,117.72850122633857,75.000001,1e-06,111.000001,7.000001,8.000001,195.80938146115588,1972.000001,1995.000001,345000.000001
6.25382881349855,1e-06,1.000001,No,1e-06,Unf,22.80350852390921,87.49749370294603,Unf,1920.000001,6.25382881349855,Fa,79.52358141457162,60.000001,1e-06,1e-06,6.000001,4.000001,83.35650365999588,1927.000001,1950.000001,68500.000001
6.927557907258709,1037.000001,3.000001,No,223.000001,Rec,28.178005624955077,69.921749985968,Fin,1936.000001,7.629003890139102,Gd,107.2380529522986,86.000001,1e-06,1e-06,7.000001,7.000001,128.65977769897233,1936.000001,1987.000001,250000.000001
7.434847875802318,1e-06,2.883273058823529,Av,1e-06,Unf,41.158231266661595,217.51131844019477,Unf,2008.000001,7.434847875802318,Gd,102.34744745717892,64.000001,72.000001,33.000001,5.000001,8.000001,178.74399265611817,2008.000001,2008.000001,245350.000001
6.735780015429976,630.000001,3.000001,Mn,1e-06,Unf,26.495282617854823,90.32270917846229,Unf,1925.000001,7.294377299968169,Gd,97.97958971643023,60.000001,1e-06,1e-06,8.000001,5.000001,101.2523886581543,1925.000001,1994.000001,125000.000001
7.1514854646884345,804.000001,3.000001,No,1e-06,Unf,35.721142212980816,99.1962780440533,Unf,1926.000001,7.640123173176133,Gd,104.48923389995737,53.000001,1e-06,1e-06,9.000001,7.000001,148.93120699608457,1926.000001,2004.000001,234000.000001
6.895682698760013,517.000001,3.000001,No,399.000001,Rec,22.000000022727274,87.49749370294603,Unf,1940.000001,7.316548177847428,TA,95.62426470828416,69.000001,1e-06,1e-06,5.000001,5.000001,117.44167531534302,1940.000001,1982.000001,145000.000001
7.36897040282531,1e-06,3.000001,No,1e-06,Unf,36.90528418804006,138.9012308397739,Unf,1979.000001,7.36897040282531,TA,130.54884143875043,48.000001,1e-06,1e-06,5.000001,6.000001,155.32358589665688,1979.000001,1998.000001,181000.000001
6.834108739890265,929.000001,5.000001,No,1e-06,Unf,27.477263346265037,9.999998851781368e-07,Unf,1979.000001,7.7093083338345005,TA,74.29670249075662,92.000001,1e-06,198.000001,6.000001,6.000001,106.13461464521254,1912.000001,1950.000001,104000.000001
6.862757914097426,1128.000001,4.000001,No,656.000001,GLQ,17.320508104556286,182.35746288209987,RFn,2004.000001,7.642044403353104,Gd,100.70749724325394,76.000001,1e-06,45.000001,5.000001,7.000001,123.62379605585195,2004.000001,2004.000001,233000.000001
6.984716321044192,672.000001,4.000001,Av,427.000001,GLQ,11.489125336595471,152.82042223487454,RFn,1988.000001,7.4685132720671135,TA,110.15443704635778,152.000001,1e-06,12.000001,7.000001,8.000001,87.3607131250179,1988.000001,2005.000001,164000.000001
6.866933285503548,780.000001,3.000001,No,410.000001,BLQ,19.748417683449983,87.49749370294603,Unf,1940.000001,7.461640392783288,TA,114.56439237826037,75.000001,1e-06,1e-06,6.000001,7.000001,110.18339093737048,1940.000001,1984.000001,219500.000001
6.741700695832692,1101.000001,2.883273058823529,No,1e-06,Unf,29.1032644388907,138.65343707723306,Unf,2004.000001,7.574558484715827,Gd,111.32385189616824,41.000001,1e-06,48.000001,5.000001,7.000001,114.32519062585877,2004.000001,2005.000001,195000.000001
6.799055863173623,439.000001,3.000001,No,637.000001,Rec,0.001,171.2849157876663,Unf,1994.000001,7.197435354845094,TA,105.07140429726824,60.000001,1e-06,47.000001,6.000001,4.000001,95.07874087203852,1920.000001,1950.000001,108000.000001
6.795705776292082,1e-06,3.000001,No,894.000001,ALQ,0.001,167.07822686693174,Unf,1975.000001,6.795705776292082,TA,98.99494937116742,70.000001,1e-06,1e-06,7.000001,5.000001,118.38472519603036,1972.000001,1972.000001,149900.000001
7.590852124193631,1e-06,3.000001,Av,1447.000001,GLQ,23.086792782887795,216.20845514506715,Fin,2004.000001,7.590852124193631,Ex,129.37155792909041,129.000001,66.000001,45.000001,5.000001,9.000001,197.61082059473733,2004.000001,2005.000001,315000.000001
6.624065229127915,741.000001,3.000001,No,547.000001,BLQ,14.96662958050342,79.73011133795657,Unf,1942.000001,7.3092123663621065,Gd,86.60254038421736,69.000001,1e-06,1e-06,7.000001,6.000001,107.58391755771761,1942.000001,1950.000001,177500.000001
6.954638865835186,1e-06,3.000001,No,580.000001,BLQ,18.24828761829449,100.83374951438928,Unf,1962.000001,7.351158227072542,TA,104.54664031426357,60.000001,1e-06,1e-06,6.000001,5.000001,120.00381479865332,1945.000001,1950.000001,140000.000001
7.165493475833643,1e-06,2.000001,Av,1e-06,Unf,35.860842168025,192.3350219387631,RFn,2006.000001,7.165493475833643,Gd,82.23138087737551,64.000001,1e-06,55.000001,5.000001,7.000001,149.6823383651469,2006.000001,2006.000001,193879.000001
7.66669020054825,1e-06,4.000001,No,756.000001,LwQ,37.14835125547297,161.41998768031166,Unf,1951.000001,7.66669020054825,TA,103.34408546694871,89.000001,44.000001,30.000001,3.000001,5.000001,207.48393239001462,1951.000001,1951.000001,137900.000001
6.5102583420112445,546.000001,2.883273058823529,No,317.000001,BLQ,18.841443707954017,94.23505330080792,Unf,1972.000001,7.1049654490908605,TA,40.987803076037146,21.000001,281.000001,28.000001,7.000001,6.000001,98.42988200567588,1972.000001,1972.000001,118000.000001
7.449498005964583,1e-06,1.000001,Gd,1619.000001,GLQ,10.00000005,148.22393435855813,Fin,1993.000001,7.449498005964583,Gd,104.14413090040168,32.000001,1e-06,30.000001,5.000001,8.000001,180.43688381125025,1993.000001,1993.000001,324000.000001
7.784057003056248,1e-06,2.000001,Gd,1767.000001,GLQ,28.071337713048162,194.5811506346669,Fin,2008.000001,7.784057003056248,Ex,124.22157622973555,105.000001,200.000001,72.000001,5.000001,10.000001,263.2330873480182,2008.000001,2008.000001,555000.000001
7.416979621982115,862.000001,5.000001,No,168.000001,Rec,0.001,80.60381577342656,Unf,1916.000001,7.834392303306319,Gd,92.3038460791315,60.000001,1e-06,15.000001,7.000001,6.000001,102.36914102942247,1916.000001,1950.000001,136000.000001
6.562444095106149,1e-06,2.000001,No,280.000001,LwQ,11.832159608456944,9.999998851781368e-07,Unf,1979.000001,6.562444095106149,Fa,73.0068490006246,50.000001,1e-06,1e-06,7.000001,4.000001,72.55627757206958,1940.000001,1950.000001,82500.000001
6.364750758573082,530.000001,3.000001,No,1e-06,Unf,23.021728888161288,100.83374951438928,Unf,1935.000001,7.01301579053972,Fa,84.85281374827827,60.000001,1e-06,1e-06,7.000001,5.000001,84.39327084961509,1920.000001,1996.000001,101000.000001
